{
  "motion_report": {
    "timings_seconds": {
      "masks": 1.819010300001537,
      "global_preregistration": 0.024095000000670552,
      "matching_primary": 4.773145099999965,
      "motion_model": 0.372776199998043,
      "field_primary": 0.2729935999959707,
      "subtraction": 0.891323800002283,
      "total": 8.355655899998965
    },
    "motion_model": {
      "model": "rigid",
      "apply": true,
      "count": 24,
      "mean_confidence": 0.26940094913084944,
      "median_magnitude": 1.8234901223228643,
      "translation_residual": 1.0163687015655527,
      "affine_residual": 0.7443988586030517,
      "coherence": 0.5917724777293999,
      "inlier_fraction": 1.0,
      "translation_variation_ratio": 0.5573754906173252,
      "affine_variation_ratio": 0.40822752450931543,
      "affine_improvement": 0.2675897462639052,
      "preferred_nonrigid": false
    },
    "motion_profile": "micro_motion",
    "vessel_detection": {
      "method": "contrast_appearance",
      "mask": {
        "pixels": 6262,
        "fraction_roi": 0.09823977910953531,
        "components": 12,
        "largest_component_pixels": 3448
      },
      "support_mask": {
        "pixels": 19616,
        "fraction_roi": 0.0748291015625,
        "components": 7,
        "largest_component_pixels": 18472
      },
      "support_mask_roi": {
        "pixels": 19129,
        "fraction_roi": 0.3001004047566753,
        "components": 7,
        "largest_component_pixels": 18169
      },
      "vascular_bed": {
        "pixels": 43773,
        "fraction_roi": 0.6867214709296853,
        "components": 1,
        "largest_component_pixels": 43773
      },
      "support_enabled": true,
      "support_used_for_compensation": true,
      "clutter_pruning_enabled": true,
      "used_for_registration_exclusion": true
    },
    "roi_roles": {
      "analysis_roi": {
        "pixels": 63742,
        "fraction_roi": 0.24315643310546875,
        "components": 1,
        "largest_component_pixels": 63742
      },
      "registration_candidate_roi": {
        "pixels": 14993,
        "fraction_roi": 0.23521383075523203,
        "components": 37,
        "largest_component_pixels": 5694
      },
      "registration_safe_roi": {
        "pixels": 18509,
        "fraction_roi": 0.29037369395375107,
        "components": 57,
        "largest_component_pixels": 17297
      },
      "vessel_detection_region": {
        "pixels": 215296,
        "fraction_roi": 0.8212890625,
        "components": 1,
        "largest_component_pixels": 215296
      },
      "motion_exclusion_mask": {
        "pixels": 6262,
        "fraction_roi": 0.09823977910953531,
        "components": 12,
        "largest_component_pixels": 3448
      },
      "vessel_support_mask": {
        "pixels": 19129,
        "fraction_roi": 0.3001004047566753,
        "components": 7,
        "largest_component_pixels": 18169
      },
      "compensation_vessel_mask": {
        "pixels": 19129,
        "fraction_roi": 0.3001004047566753,
        "components": 7,
        "largest_component_pixels": 18169
      },
      "background_metric_region": {
        "pixels": 44613,
        "fraction_roi": 0.6998995952433247,
        "components": 21,
        "largest_component_pixels": 26325
      }
    },
    "global_shift": [
      -0.008911137332120234,
      0.018832928830789797
    ],
    "global_response": 0.9299845534763667,
    "global_preregistration": {
      "method": "phase_correlation",
      "applied": true,
      "response": 0.9299845534763667,
      "shift": [
        -0.008911137332120234,
        0.018832928830789797
      ]
    },
    "effective_search_radius": 8,
    "effective_max_displacement": 6.0,
    "field_reliability": 0.9,
    "global_field_reliability": 0.9,
    "field_stages": {
      "global_shift": {
        "mean": 0.020834768462776373,
        "p50": 0.020834768462776362,
        "p90": 0.020834768462776362,
        "p99": 0.020834768462776362,
        "max": 0.020834768462776362
      },
      "model_field": {
        "mean": 1.4776146185242565,
        "p50": 1.4776146185242558,
        "p90": 1.4776146185242558,
        "p99": 1.4776146185242558,
        "max": 1.4776146185242558
      },
      "soft_roi": {
        "mean": 1.3650278466394379,
        "p50": 1.4776146185242558,
        "p90": 1.4776146185242558,
        "p99": 1.4776146185242558,
        "max": 1.4776146185242558
      },
      "confidence_gate": {
        "mean": 0.41416861912880565,
        "p50": 0.0,
        "p90": 1.1525394024489195,
        "p99": 1.1525394024489195,
        "max": 1.1525394024489195
      },
      "global_reliability": {
        "mean": 0.37275175721592513,
        "p50": 0.0,
        "p90": 1.0372854622040275,
        "p99": 1.0372854622040275,
        "max": 1.0372854622040275
      },
      "combined_before_protection": {
        "mean": 0.3928920916124684,
        "p50": 0.020834768462776362,
        "p90": 1.0564246167050613,
        "p99": 1.0564246167050613,
        "max": 1.0564246167050613
      },
      "vessel_protection": {
        "mean": 0.38573764495215707,
        "p50": 0.020834768462776362,
        "p90": 1.0453340999172982,
        "p99": 1.0564246159993085,
        "max": 1.0564246167050613
      },
      "local_improvement_gate": {
        "mean": 0.5561743334753426,
        "p50": 0.008655156658252769,
        "p90": 1.7291974284604648,
        "p99": 1.8128245601416382,
        "max": 1.8128246422658856
      }
    },
    "displacement_field": {
      "mean": 0.5561743334753426,
      "p50": 0.008655156658252769,
      "p90": 1.7291974284604648,
      "p99": 1.8128245601416382,
      "max": 1.8128246422658856
    },
    "displacement_field_vessels": {
      "mean": 0.1253677716202284,
      "p50": 0.008114774747995454,
      "p90": 0.5225407619129361,
      "p99": 1.1936543438973088,
      "max": 1.5038938511969582
    },
    "displacement_field_background": {
      "mean": 0.740894005358571,
      "p50": 0.016576434011313135,
      "p90": 1.7834238952677173,
      "p99": 1.8128246421751029,
      "max": 1.8128246422658856
    },
    "compensation_delta": {
      "mean": 5.730052059620083,
      "p50": 3.76830129845804,
      "p90": 14.611117879387074,
      "p99": 21.782695926455165,
      "max": 36.992067873888516
    },
    "candidate_control_points": 113,
    "control_points": 24,
    "mean_point_confidence": 0.26940094913084944,
    "match_coverage": {
      "accepted_count": 24,
      "accepted_cells": 5,
      "coverage_grid": 4,
      "coverage_fraction": 0.3125
    },
    "safe_mask_coverage_roi": 0.29037369395375107,
    "safe_mask_used_for_global_matching": false,
    "registration_weight_mean_roi": 0.2961053618776596,
    "registration_weight_p50_roi": 0.23658451390986535,
    "registration_weight_p90_roi": 0.6503904031332395,
    "point_region_summary": {
      "vascular_bed": {
        "total": 43,
        "accepted": 14,
        "rejected": 29
      },
      "stable_background": {
        "total": 29,
        "accepted": 7,
        "rejected": 22
      },
      "bright_or_metal": {
        "total": 23,
        "accepted": 2,
        "rejected": 21
      },
      "near_vessel": {
        "total": 6,
        "accepted": 0,
        "rejected": 6
      },
      "low_texture": {
        "total": 10,
        "accepted": 1,
        "rejected": 9
      },
      "outside_roi": {
        "total": 2,
        "accepted": 0,
        "rejected": 2
      }
    },
    "accepted_region_motion_weight_mean": 0.7979166666666666,
    "intensity_correction": {
      "method": "local",
      "applied": true,
      "scale_mean": 0.9776751914922462,
      "offset_mean": 28.684117704877263,
      "support_fraction": 0.17018508911132812
    },
    "background_haze_correction": {
      "method": "weighted_low_frequency_bias",
      "applied": true,
      "support_fraction": 0.7742775563992345,
      "bias_abs_mean_roi": 13.300870202944164,