{
  "motion_report": {
    "timings_seconds": {
      "masks": 1.7178174000000581,
      "global_preregistration": 0.024408600002061576,
      "matching_primary": 4.7437613000001875,
      "motion_model": 0.3943226000046707,
      "field_primary": 0.5724880999987363,
      "subtraction": 0.9919775000016671,
      "total": 8.652447300002677
    },
    "motion_model": {
      "model": "nonrigid",
      "apply": true,
      "count": 24,
      "mean_confidence": 0.26940094913084944,
      "median_magnitude": 1.8234901223228643,
      "translation_residual": 1.0163687015655527,
      "affine_residual": 0.7443988586030517,
      "coherence": 0.5917724777293999,
      "inlier_fraction": 1.0,
      "translation_variation_ratio": 0.5573754906173252,
      "affine_variation_ratio": 0.40822752450931543,
      "affine_improvement": 0.2675897462639052,
      "preferred_nonrigid": true
    },
    "motion_profile": "micro_motion",
    "vessel_detection": {
      "method": "contrast_appearance",
      "mask": {
        "pixels": 6262,
        "fraction_roi": 0.09823977910953531,
        "components": 12,
        "largest_component_pixels": 3448
      },
      "support_mask": {
        "pixels": 19616,
        "fraction_roi": 0.0748291015625,
        "components": 7,
        "largest_component_pixels": 18472
      },
      "support_mask_roi": {
        "pixels": 19129,
        "fraction_roi": 0.3001004047566753,
        "components": 7,
        "largest_component_pixels": 18169
      },
      "vascular_bed": {
        "pixels": 43773,
        "fraction_roi": 0.6867214709296853,
        "components": 1,
        "largest_component_pixels": 43773
      },
      "support_enabled": true,
      "support_used_for_compensation": true,
      "clutter_pruning_enabled": true,
      "used_for_registration_exclusion": true
    },
    "roi_roles": {
      "analysis_roi": {
        "pixels": 63742,
        "fraction_roi": 0.24315643310546875,
        "components": 1,
        "largest_component_pixels": 63742
      },
      "registration_candidate_roi": {
        "pixels": 14993,
        "fraction_roi": 0.23521383075523203,
        "components": 37,
        "largest_component_pixels": 5694
      },
      "registration_safe_roi": {
        "pixels": 18509,
        "fraction_roi": 0.29037369395375107,
        "components": 57,
        "largest_component_pixels": 17297
      },
      "vessel_detection_region": {
        "pixels": 215296,
        "fraction_roi": 0.8212890625,
        "components": 1,
        "largest_component_pixels": 215296
      },
      "motion_exclusion_mask": {
        "pixels": 6262,
        "fraction_roi": 0.09823977910953531,
        "components": 12,
        "largest_component_pixels": 3448
      },
      "vessel_support_mask": {
        "pixels": 19129,
        "fraction_roi": 0.3001004047566753,
        "components": 7,
        "largest_component_pixels": 18169
      },
      "compensation_vessel_mask": {
        "pixels": 19129,
        "fraction_roi": 0.3001004047566753,
        "components": 7,
        "largest_component_pixels": 18169
      },
      "background_metric_region": {
        "pixels": 44613,
        "fraction_roi": 0.6998995952433247,
        "components": 21,
        "largest_component_pixels": 26325
      }
    },
    "global_shift": [
      -0.008911137332120234,
      0.018832928830789797
    ],
    "global_response": 0.9299845534763667,
    "global_preregistration": {
      "method": "phase_correlation",
      "applied": true,
      "response": 0.9299845534763667,
      "shift": [
        -0.008911137332120234,
        0.018832928830789797
      ]
    },
    "effective_search_radius": 8,
    "effective_max_displacement": 6.0,
    "field_reliability": 0.9,
    "global_field_reliability": 0.9,
    "field_stages": {
      "global_shift": {
        "mean": 0.020834768462776373,
        "p50": 0.020834768462776362,
        "p90": 0.020834768462776362,
        "p99": 0.020834768462776362,
        "max": 0.020834768462776362
      },
      "model_field": {
        "mean": 1.3037079719965972,
        "p50": 1.2059194258210049,
        "p90": 2.280537808611219,
        "p99": 3.359161386691445,
        "max": 3.5811215910460685
      },
      "soft_roi": {
        "mean": 1.1878288403430854,
        "p50": 1.1190560611318756,
        "p90": 2.0594405998149377,
        "p99": 3.1919361104938284,
        "max": 3.46125549839715
      },
      "confidence_gate": {
        "mean": 0.36676338542157916,
        "p50": 0.0,
        "p90": 1.388449636769918,
        "p99": 1.9403492281577668,
        "max": 2.3611976402888244
      },
      "global_reliability": {
        "mean": 0.3300870468794213,
        "p50": 0.0,
        "p90": 1.249604673092926,
        "p99": 1.7463143053419903,
        "max": 2.125077876259942
      },
      "combined_before_protection": {
        "mean": 0.3472897676027694,
        "p50": 0.020834768462776362,
        "p90": 1.260852971761284,
        "p99": 1.7655493978789223,
        "max": 2.1435921213728086
      },
      "vessel_protection": {
        "mean": 0.34113580549031713,
        "p50": 0.020834768462776362,
        "p90": 1.2195229558901317,
        "p99": 1.6904755574346262,
        "max": 2.006679582938184
      },
      "local_improvement_gate": {
        "mean": 0.5991812793647947,
        "p50": 0.008523177701684053,
        "p90": 2.4107850996813336,
        "p99": 3.3471416037205604,
        "max": 3.9732255742176044
      }
    },
    "displacement_field": {
      "mean": 0.5991812793647947,
      "p50": 0.008523177701684053,
      "p90": 2.4107850996813336,
      "p99": 3.3471416037205604,
      "max": 3.9732255742176044
    },
    "displacement_field_vessels": {
      "mean": 0.07981989450396633,
      "p50": 0.008120960989944827,
      "p90": 0.24111236765616662,
      "p99": 1.0195003972709913,
      "max": 1.9930888930028616
    },
    "displacement_field_background": {
      "mean": 0.8218711664157167,
      "p50": 0.014894353752091718,
      "p90": 2.668819787711061,
      "p99": 3.4228270985339564,
      "max": 3.9732255742176044
    },
    "compensation_delta": {
      "mean": 5.881754506965952,
      "p50": 3.8219190305324595,
      "p90": 14.971304535133468,
      "p99": 21.614051952687962,
      "max": 43.99314693318977
    },
    "candidate_control_points": 113,
    "control_points": 24,
    "mean_point_confidence": 0.26940094913084944,
    "match_coverage": {
      "accepted_count": 24,
      "accepted_cells": 5,
      "coverage_grid": 4,
      "coverage_fraction": 0.3125
    },
    "safe_mask_coverage_roi": 0.29037369395375107,
    "safe_mask_used_for_global_matching": false,
    "registration_weight_mean_roi": 0.2961053618776596,
    "registration_weight_p50_roi": 0.23658451390986535,
    "registration_weight_p90_roi": 0.6503904031332395,
    "point_region_summary": {
      "vascular_bed": {
        "total": 43,
        "accepted": 14,
        "rejected": 29
      },
      "stable_background": {
        "total": 29,
        "accepted": 7,
        "rejected": 22
      },
      "bright_or_metal": {
        "total": 23,
        "accepted": 2,
        "rejected": 21
      },
      "near_vessel": {
        "total": 6,
        "accepted": 0,
        "rejected": 6
      },
      "low_texture": {
        "total": 10,
        "accepted": 1,
        "rejected": 9
      },
      "outside_roi": {
        "total": 2,
        "accepted": 0,
        "rejected": 2
      }
    },
    "accepted_region_motion_weight_mean": 0.7979166666666666,
    "intensity_correction": {
      "method": "local",
      "applied": true,
      "scale_mean": 0.9768863473474189,
      "offset_mean": 29.186293118382114,
      "support_fraction": 0.17018508911132812
    },
    "background_haze_correction": {
      "method": "weighted_low_frequency_bias",
      "applied": true,
      "support_fraction": 0.7742775563992345,
      "bias_abs_mean_roi": 13.299666438375104,
      "correction_weight_mean_roi": 0.13987336644069404
    },