{
  "motion_report": {
    "timings_seconds": {
      "masks": 8.393332299994654,
      "global_preregistration": 0.11846040000091307,
      "matching_primary": 13.844341200005147,
      "motion_model": 4.275200800002494,
      "field_primary": 1.55617369999527,
      "subtraction": 6.026820699997188,
      "total": 34.93763409999519
    },
    "motion_model": {
      "model": "rigid",
      "apply": true,
      "count": 70,
      "mean_confidence": 0.3884866516910605,
      "median_magnitude": 0.5955835480276659,
      "translation_residual": 0.6226400540563604,
      "affine_residual": 0.5311207071889558,
      "coherence": 0.46887929281104423,
      "inlier_fraction": 1.0,
      "translation_variation_ratio": 0.6226400540563604,
      "affine_variation_ratio": 0.5311207071889558,
      "affine_improvement": 0.14698596126474128,
      "preferred_nonrigid": false
    },
    "motion_profile": "micro_motion",
    "vessel_detection": {
      "method": "contrast_appearance",
      "mask": {
        "pixels": 62884,
        "fraction_roi": 0.0573653919308594,
        "components": 44,
        "largest_component_pixels": 53079
      },
      "support_mask": {
        "pixels": 104942,
        "fraction_roi": 0.07907594280478394,
        "components": 98,
        "largest_component_pixels": 79343
      },
      "support_mask_roi": {
        "pixels": 104829,
        "fraction_roi": 0.09562935994402487,
        "components": 98,
        "largest_component_pixels": 79254
      },
      "vascular_bed": {
        "pixels": 717802,
        "fraction_roi": 0.6548087440168363,
        "components": 14,
        "largest_component_pixels": 671851
      },
      "support_enabled": true,
      "support_used_for_compensation": true,
      "clutter_pruning_enabled": true,
      "used_for_registration_exclusion": true
    },
    "roi_roles": {
      "analysis_roi": {
        "pixels": 1096201,
        "fraction_roi": 0.8260098681037809,
        "components": 1,
        "largest_component_pixels": 1096201
      },
      "registration_candidate_roi": {
        "pixels": 291837,
        "fraction_roi": 0.26622581077740304,
        "components": 174,
        "largest_component_pixels": 206646
      },
      "registration_safe_roi": {
        "pixels": 69671,
        "fraction_roi": 0.06355677471558592,
        "components": 490,
        "largest_component_pixels": 26063
      },
      "vessel_detection_region": {
        "pixels": 1116747,
        "fraction_roi": 0.84149169921875,
        "components": 1,
        "largest_component_pixels": 1116747
      },
      "motion_exclusion_mask": {
        "pixels": 62884,
        "fraction_roi": 0.0573653919308594,
        "components": 44,
        "largest_component_pixels": 53079
      },
      "vessel_support_mask": {
        "pixels": 104829,
        "fraction_roi": 0.09562935994402487,
        "components": 98,
        "largest_component_pixels": 79254
      },
      "compensation_vessel_mask": {
        "pixels": 104829,
        "fraction_roi": 0.09562935994402487,
        "components": 98,
        "largest_component_pixels": 79254
      },
      "background_metric_region": {
        "pixels": 991372,
        "fraction_roi": 0.9043706400559751,
        "components": 39,
        "largest_component_pixels": 841023
      }
    },
    "global_shift": [
      0.005949601145857741,
      0.006884233342134394
    ],
    "global_response": 1.0,
    "global_preregistration": {
      "method": "phase_correlation",
      "applied": true,
      "response": 1.0,
      "shift": [
        0.005949601145857741,
        0.006884233342134394
      ]
    },
    "effective_search_radius": 8,
    "effective_max_displacement": 6.0,
    "field_reliability": 0.9,
    "global_field_reliability": 0.9,
    "field_stages": {
      "global_shift": {
        "mean": 0.00909892424980814,
        "p50": 0.00909892424980814,
        "p90": 0.00909892424980814,
        "p99": 0.00909892424980814,
        "max": 0.00909892424980814
      },
      "model_field": {
        "mean": 0.432435206028997,
        "p50": 0.43243520602899704,
        "p90": 0.43243520602899704,
        "p99": 0.43243520602899704,
        "max": 0.43243520602899704
      },
      "soft_roi": {
        "mean": 0.42313412523220717,
        "p50": 0.43243520602899715,
        "p90": 0.43243520602899715,
        "p99": 0.43243520602899715,
        "max": 0.43243520602899715
      },
      "confidence_gate": {
        "mean": 0.11822227966603208,
        "p50": 0.0,
        "p90": 0.33729946070261796,
        "p99": 0.3953690944084205,
        "max": 0.43243520602899727
      },
      "global_reliability": {
        "mean": 0.10640005169942884,
        "p50": 0.0,
        "p90": 0.3035695146323561,
        "p99": 0.3558321849675784,
        "max": 0.3891916854260976
      },
      "combined_before_protection": {
        "mean": 0.1130428471677871,
        "p50": 0.00909892424980814,
        "p90": 0.3058212320873146,
        "p99": 0.3580652186816474,
        "max": 0.39141540156154564
      },
      "vessel_protection": {
        "mean": 0.11019145034090537,
        "p50": 0.009091922635781648,
        "p90": 0.3058212320873146,
        "p99": 0.3569110018584842,
        "max": 0.39141540156154564
      },
      "local_improvement_gate": {
        "mean": 0.18315161917518508,
        "p50": 0.0034074209894946533,
        "p90": 0.524789234261832,
        "p99": 0.720067718905504,
        "max": 0.8611138834354006
      }
    },
    "displacement_field": {
      "mean": 0.18315161917518508,
      "p50": 0.0034074209894946533,
      "p90": 0.524789234261832,
      "p99": 0.720067718905504,
      "max": 0.8611138834354006
    },
    "displacement_field_vessels": {
      "mean": 0.01541290835070814,
      "p50": 0.0034056491546840704,
      "p90": 0.0034457590231452627,
      "p99": 0.33769876363757645,
      "max": 0.45080712590264943
    },
    "displacement_field_background": {
      "mean": 0.20088853459847633,
      "p50": 0.0034082010964434245,
      "p90": 0.524789234261832,
      "p99": 0.7349494949814445,
      "max": 0.8611138834354006
    },
    "compensation_delta": {
      "mean": 0.5599410997151673,
      "p50": 0.35030212051728915,
      "p90": 1.2380709912234678,
      "p99": 3.355932470395416,
      "max": 15.894597130244655
    },
    "candidate_control_points": 153,
    "control_points": 70,
    "mean_point_confidence": 0.3884866516910605,
    "match_coverage": {
      "accepted_count": 70,
      "accepted_cells": 7,
      "coverage_grid": 4,
      "coverage_fraction": 0.4375
    },
    "safe_mask_coverage_roi": 0.06355677471558592,
    "safe_mask_used_for_global_matching": false,
    "registration_weight_mean_roi": 0.21355559919211456,
    "registration_weight_p50_roi": 0.15782390527726323,
    "registration_weight_p90_roi": 0.41687778813194665,
    "point_region_summary": {
      "bright_or_metal": {
        "total": 10,
        "accepted": 2,
        "rejected": 8
      },
      "stable_background": {
        "total": 84,
        "accepted": 52,
        "rejected": 32
      },
      "vascular_bed": {
        "total": 51,
        "accepted": 15,
        "rejected": 36
      },
      "low_weight": {
        "total": 3,
        "accepted": 0,
        "rejected": 3
      },
      "low_texture": {
        "total": 4,
        "accepted": 1,
        "rejected": 3
      },
      "near_vessel": {
        "total": 1,
        "accepted": 0,
        "rejected": 1
      }
    },
    "accepted_region_motion_weight_mean": 0.927142857142857,
    "intensity_correction": {
      "method": "local",
      "applied": true,
      "scale_mean": 0.9716990948105675,
      "offset_mean": 1.8035902112325046,
      "support_fraction": 0.7469655731577932
    },
    "background_haze_correction": {
      "method": "weighted_low_frequency_bias",
      "applied": true,
      "support_fraction": 0.900082192955489,
      "bias_abs_mean_roi": 1.7991844053519888,