{
  "motion_report": {
    "timings_seconds": {
      "masks": 1.236953799998446,
      "global_preregistration": 0.03277430000161985,
      "matching_primary": 7.277607700001681,
      "motion_model": 0.4689289000016288,
      "field_primary": 0.647204499997315,
      "subtraction": 0.9800694999939878,
      "total": 10.872901099995943
    },
    "motion_model": {
      "model": "nonrigid",
      "apply": true,
      "count": 26,
      "mean_confidence": 0.25900843814454316,
      "median_magnitude": 1.8903775765835145,
      "translation_residual": 1.482845744763039,
      "affine_residual": 0.8573856328733384,
      "coherence": 0.5464474193100786,
      "inlier_fraction": 0.896551724137931,
      "translation_variation_ratio": 0.784417760309552,
      "affine_variation_ratio": 0.4535525830891912,
      "affine_improvement": 0.4217971519280653,
      "preferred_nonrigid": true
    },
    "motion_profile": "micro_motion",
    "vessel_detection": {
      "method": "contrast_appearance",
      "mask": {
        "pixels": 6262,
        "fraction_roi": 0.09823977910953531,
        "components": 12,
        "largest_component_pixels": 3448
      },
      "support_mask": {
        "pixels": 6262,
        "fraction_roi": 0.02388763427734375,
        "components": 12,
        "largest_component_pixels": 3448
      },
      "support_mask_roi": {
        "pixels": 6262,
        "fraction_roi": 0.09823977910953531,
        "components": 12,
        "largest_component_pixels": 3448
      },
      "vascular_bed": {
        "pixels": 43773,
        "fraction_roi": 0.6867214709296853,
        "components": 1,
        "largest_component_pixels": 43773
      },
      "support_enabled": false,
      "support_used_for_compensation": true,
      "clutter_pruning_enabled": true,
      "used_for_registration_exclusion": true
    },
    "roi_roles": {
      "analysis_roi": {
        "pixels": 63742,
        "fraction_roi": 0.24315643310546875,
        "components": 1,
        "largest_component_pixels": 63742
      },
      "registration_candidate_roi": {
        "pixels": 17782,
        "fraction_roi": 0.2789683411251608,
        "components": 24,
        "largest_component_pixels": 11472
      },
      "registration_safe_roi": {
        "pixels": 18509,
        "fraction_roi": 0.29037369395375107,
        "components": 57,
        "largest_component_pixels": 17297
      },
      "vessel_detection_region": {
        "pixels": 215296,
        "fraction_roi": 0.8212890625,
        "components": 1,
        "largest_component_pixels": 215296
      },
      "motion_exclusion_mask": {
        "pixels": 6262,
        "fraction_roi": 0.09823977910953531,
        "components": 12,
        "largest_component_pixels": 3448
      },
      "vessel_support_mask": {
        "pixels": 6262,
        "fraction_roi": 0.09823977910953531,
        "components": 12,
        "largest_component_pixels": 3448
      },
      "compensation_vessel_mask": {
        "pixels": 6262,
        "fraction_roi": 0.09823977910953531,
        "components": 12,
        "largest_component_pixels": 3448
      },
      "background_metric_region": {
        "pixels": 57480,
        "fraction_roi": 0.9017602208904647,
        "components": 1,
        "largest_component_pixels": 57480
      }
    },
    "global_shift": [
      -0.008911137332120234,
      0.018832928830789797
    ],
    "global_response": 0.9299845534763667,
    "global_preregistration": {
      "method": "phase_correlation",
      "applied": true,
      "response": 0.9299845534763667,
      "shift": [
        -0.008911137332120234,
        0.018832928830789797
      ]
    },
    "effective_search_radius": 8,
    "effective_max_displacement": 6.0,
    "field_reliability": 0.9,
    "global_field_reliability": 0.9,
    "field_stages": {
      "global_shift": {
        "mean": 0.020834768462776373,
        "p50": 0.020834768462776362,
        "p90": 0.020834768462776362,
        "p99": 0.020834768462776362,
        "max": 0.020834768462776362
      },
      "model_field": {
        "mean": 1.2773799212470014,
        "p50": 1.0841579967295814,
        "p90": 2.5946884801805017,
        "p99": 3.652236320145019,
        "max": 4.130695850764335
      },
      "soft_roi": {
        "mean": 1.1353585090457834,
        "p50": 0.9530523105721785,
        "p90": 2.2550084337107013,
        "p99": 3.3635996214492754,
        "max": 3.8724757109907766
      },
      "confidence_gate": {
        "mean": 0.49741660897998435,
        "p50": 0.12445827647125572,
        "p90": 1.6547508690699155,
        "p99": 2.4601376512289312,
        "max": 2.9525499782085673
      },
      "global_reliability": {
        "mean": 0.4476749480819858,
        "p50": 0.11201244882413015,
        "p90": 1.4892757821629241,
        "p99": 2.214123886106038,
        "max": 2.6572949803877104
      },
      "combined_before_protection": {
        "mean": 0.4630529923783343,
        "p50": 0.11414367855273233,
        "p90": 1.508376484468768,
        "p99": 2.22650471775702,
        "max": 2.6767208930582926
      },
      "vessel_protection": {
        "mean": 0.44884348305461447,
        "p50": 0.1320080766956251,
        "p90": 1.4343790816624353,
        "p99": 2.22650471775702,
        "max": 2.6767208930582926
      },
      "local_improvement_gate": {
        "mean": 0.8533665034236386,
        "p50": 0.1621580100068663,
        "p90": 2.828420929812547,
        "p99": 4.408479341158899,
        "max": 5.299907368255419
      }
    },
    "displacement_field": {
      "mean": 0.8533665034236386,
      "p50": 0.1621580100068663,
      "p90": 2.828420929812547,
      "p99": 4.408479341158899,
      "max": 5.299907368255419
    },
    "displacement_field_vessels": {
      "mean": 0.12147591810684594,
      "p50": 0.008114816979988063,
      "p90": 0.3378631921306048,
      "p99": 1.4038322834961054,
      "max": 2.0760160775826764
    },
    "displacement_field_background": {
      "mean": 0.9331003037933977,
      "p50": 0.357101301828652,
      "p90": 2.9033506553667743,
      "p99": 4.459156230130188,
      "max": 5.299907368255419
    },
    "compensation_delta": {
      "mean": 5.631267857473082,
      "p50": 3.788649628152371,
      "p90": 13.888475443928863,
      "p99": 21.58305781306359,
      "max": 45.15751073223971
    },
    "candidate_control_points": 113,
    "control_points": 29,
    "mean_point_confidence": 0.25522442865129735,
    "match_coverage": {
      "accepted_count": 29,
      "accepted_cells": 6,
      "coverage_grid": 4,
      "coverage_fraction": 0.375
    },
    "safe_mask_coverage_roi": 0.29037369395375107,
    "safe_mask_used_for_global_matching": false,
    "registration_weight_mean_roi": 0.2961053618776596,
    "registration_weight_p50_roi": 0.23658451390986535,
    "registration_weight_p90_roi": 0.6503904031332395,
    "point_region_summary": {
      "vascular_bed": {
        "total": 43,
        "accepted": 17,
        "rejected": 26
      },
      "stable_background": {
        "total": 29,
        "accepted": 7,
        "rejected": 22
      },
      "bright_or_metal": {
        "total": 23,
        "accepted": 2,
        "rejected": 21
      },
      "near_vessel": {
        "total": 6,
        "accepted": 1,
        "rejected": 5
      },
      "low_texture": {
        "total": 10,
        "accepted": 2,
        "rejected": 8
      },
      "outside_roi": {
        "total": 2,
        "accepted": 0,
        "rejected": 2
      }
    },
    "accepted_region_motion_weight_mean": 0.7724137931034484,
    "intensity_correction": {
      "method": "local",
      "applied": true,
      "scale_mean": 1.0234345627962493,
      "offset_mean": 17.089355132376344,
      "support_fraction": 0.219268798828125
    },
    "background_haze_correction": {
      "method": "weighted_low_frequency_bias",
      "applied": true,
      "support_fraction": 0.7742775563992345,
      "bias_abs_mean_roi": 13.739896503351108,