{
  "motion_report": {
    "timings_seconds": {
      "masks": 1.652331099998264,
      "global_preregistration": 0.0284721999996691,
      "matching_primary": 5.938577400003851,
      "motion_model": 0.8126217999961227,
      "field_primary": 0.5582198000047356,
      "subtraction": 0.43837660000281176,
      "total": 9.630585499995505
    },
    "motion_model": {
      "model": "nonrigid",
      "apply": true,
      "count": 48,
      "mean_confidence": 0.26265355958083764,
      "median_magnitude": 0.7356034448874369,
      "translation_residual": 0.7648959852568208,
      "affine_residual": 0.7437985043288197,
      "coherence": 0.25620149567118033,
      "inlier_fraction": 1.0,
      "translation_variation_ratio": 0.7648959852568208,
      "affine_variation_ratio": 0.7437985043288197,
      "affine_improvement": 0.027582156704505974,
      "preferred_nonrigid": true
    },
    "motion_profile": "micro_motion",
    "vessel_detection": {
      "method": "contrast_appearance",
      "mask": {
        "pixels": 6406,
        "fraction_roi": 0.09607510835820447,
        "components": 14,
        "largest_component_pixels": 3603
      },
      "support_mask": {
        "pixels": 21036,
        "fraction_roi": 0.07779585798816568,
        "components": 25,
        "largest_component_pixels": 16887
      },
      "support_mask_roi": {
        "pixels": 16220,
        "fraction_roi": 0.24326229434437663,
        "components": 22,
        "largest_component_pixels": 12866
      },
      "vascular_bed": {
        "pixels": 46726,
        "fraction_roi": 0.7007813788862727,
        "components": 2,
        "largest_component_pixels": 45907
      },
      "support_enabled": true,
      "support_used_for_compensation": true,
      "clutter_pruning_enabled": true,
      "used_for_registration_exclusion": true
    },
    "roi_roles": {
      "analysis_roi": {
        "pixels": 66677,
        "fraction_roi": 0.24658653846153847,
        "components": 1,
        "largest_component_pixels": 66677
      },
      "registration_candidate_roi": {
        "pixels": 17087,
        "fraction_roi": 0.2562652788817733,
        "components": 24,
        "largest_component_pixels": 13483
      },
      "registration_safe_roi": {
        "pixels": 20725,
        "fraction_roi": 0.3108268218426144,
        "components": 69,
        "largest_component_pixels": 17243
      },
      "vessel_detection_region": {
        "pixels": 222784,
        "fraction_roi": 0.823905325443787,
        "components": 1,
        "largest_component_pixels": 222784
      },
      "motion_exclusion_mask": {
        "pixels": 6406,
        "fraction_roi": 0.09607510835820447,
        "components": 14,
        "largest_component_pixels": 3603
      },
      "vessel_support_mask": {
        "pixels": 16220,
        "fraction_roi": 0.24326229434437663,
        "components": 22,
        "largest_component_pixels": 12866
      },
      "compensation_vessel_mask": {
        "pixels": 16220,
        "fraction_roi": 0.24326229434437663,
        "components": 22,
        "largest_component_pixels": 12866
      },
      "background_metric_region": {
        "pixels": 50457,
        "fraction_roi": 0.7567377056556234,
        "components": 28,
        "largest_component_pixels": 38605
      }
    },
    "global_shift": [
      -0.022637000058125523,
      0.039045682482083066
    ],
    "global_response": 1.0,
    "global_preregistration": {
      "method": "phase_correlation",
      "applied": true,
      "response": 1.0,
      "shift": [
        -0.022637000058125523,
        0.039045682482083066
      ]
    },
    "effective_search_radius": 8,
    "effective_max_displacement": 6.0,
    "field_reliability": 0.9,
    "global_field_reliability": 0.9,
    "field_stages": {
      "global_shift": {
        "mean": 0.045133126327822945,
        "p50": 0.04513312632782293,
        "p90": 0.04513312632782293,
        "p99": 0.04513312632782293,
        "max": 0.04513312632782293
      },
      "model_field": {
        "mean": 0.4675146943928396,
        "p50": 0.3764255628539341,
        "p90": 1.0095001584825292,
        "p99": 1.9683715214098787,
        "max": 2.562248957821822
      },
      "soft_roi": {
        "mean": 0.44883969864656154,
        "p50": 0.34167895307340834,
        "p90": 1.0086958671610817,
        "p99": 1.9683715214098787,
        "max": 2.562248957821822
      },
      "confidence_gate": {
        "mean": 0.3256966239491722,
        "p50": 0.1474239659052025,
        "p90": 0.8875307627898955,
        "p99": 1.7715343692688907,
        "max": 2.30602406203964
      },
      "global_reliability": {
        "mean": 0.29312696155425505,
        "p50": 0.13268156931468222,
        "p90": 0.798777686510906,
        "p99": 1.594380932342002,
        "max": 2.075421655835676
      },
      "combined_before_protection": {
        "mean": 0.2985162334201538,
        "p50": 0.12015693137019606,
        "p90": 0.7717022335751117,
        "p99": 1.5765620032244598,
        "max": 2.0581799956948883
      },
      "vessel_protection": {
        "mean": 0.29030415320413466,
        "p50": 0.1273861289475054,
        "p90": 0.7452960020032433,
        "p99": 1.5594440751350838,
        "max": 2.0581799956948883
      },
      "local_improvement_gate": {
        "mean": 0.5109598859285919,
        "p50": 0.18059866193712396,
        "p90": 1.4203908371334808,
        "p99": 3.087699268767466,
        "max": 4.07519639147588
      }
    },
    "displacement_field": {
      "mean": 0.5109598859285919,
      "p50": 0.18059866193712396,
      "p90": 1.4203908371334808,
      "p99": 3.087699268767466,
      "max": 4.07519639147588
    },
    "displacement_field_vessels": {
      "mean": 0.1223030219320305,
      "p50": 0.020909456204305586,
      "p90": 0.3777012361749754,
      "p99": 1.060766855186549,
      "max": 2.1557126741121393
    },
    "displacement_field_background": {
      "mean": 0.6358982360886137,
      "p50": 0.38079743733060467,
      "p90": 1.5739092368758172,
      "p99": 3.266895521435748,
      "max": 4.07519639147588
    },
    "compensation_delta": {
      "mean": 1.4475819107880208,
      "p50": 0.6321856085123159,
      "p90": 4.064904853349341,
      "p99": 9.29917190199985,
      "max": 21.525549174864818
    },
    "candidate_control_points": 152,
    "control_points": 48,
    "mean_point_confidence": 0.26265355958083764,
    "match_coverage": {
      "accepted_count": 48,
      "accepted_cells": 5,
      "coverage_grid": 4,
      "coverage_fraction": 0.3125
    },
    "safe_mask_coverage_roi": 0.3108268218426144,
    "safe_mask_used_for_global_matching": false,
    "registration_weight_mean_roi": 0.29625262483376896,
    "registration_weight_p50_roi": 0.2732237005036735,
    "registration_weight_p90_roi": 0.5635476597659501,
    "point_region_summary": {
      "bright_or_metal": {
        "total": 28,
        "accepted": 7,
        "rejected": 21
      },
      "vascular_bed": {
        "total": 57,
        "accepted": 28,
        "rejected": 29
      },
      "stable_background": {
        "total": 40,
        "accepted": 11,
        "rejected": 29
      },
      "near_vessel": {
        "total": 10,
        "accepted": 1,
        "rejected": 9
      },
      "outside_roi": {
        "total": 2,
        "accepted": 0,
        "rejected": 2
      },
      "low_texture": {
        "total": 14,
        "accepted": 1,
        "rejected": 13
      },
      "low_weight": {
        "total": 1,
        "accepted": 0,
        "rejected": 1
      }
    },
    "accepted_region_motion_weight_mean": 0.7677083333333333,
    "intensity_correction": {
      "method": "local",
      "applied": false,
      "reason": "zero_strength"
    },
    "background_haze_correction": {
      "method": "weighted_low_frequency_bias",
      "applied": true,
      "support_fraction": 0.7558378451340042,
      "bias_abs_mean_roi": 4.514101889383783,
      "correction_weight_mean_roi": 0.14828663871372808
    },