{
  "motion_report": {
    "timings_seconds": {
      "masks": 5.252923200001533,
      "global_preregistration": 0.1255823999963468,
      "matching_primary": 13.226287999998021,
      "motion_model": 4.1098780000029365,
      "field_primary": 3.0508871999991243,
      "subtraction": 5.868546099998639,
      "total": 32.37325630000123
    },
    "motion_model": {
      "model": "nonrigid",
      "apply": true,
      "count": 71,
      "mean_confidence": 0.3897566498002754,
      "median_magnitude": 0.5976826569944595,
      "translation_residual": 0.6207044076212058,
      "affine_residual": 0.5378436562718896,
      "coherence": 0.46215634372811043,
      "inlier_fraction": 1.0,
      "translation_variation_ratio": 0.6207044076212058,
      "affine_variation_ratio": 0.5378436562718896,
      "affine_improvement": 0.13349470429390486,
      "preferred_nonrigid": true
    },
    "motion_profile": "micro_motion",
    "vessel_detection": {
      "method": "contrast_appearance",
      "mask": {
        "pixels": 62884,
        "fraction_roi": 0.0573653919308594,
        "components": 44,
        "largest_component_pixels": 53079
      },
      "support_mask": {
        "pixels": 62884,
        "fraction_roi": 0.04738437982253087,
        "components": 44,
        "largest_component_pixels": 53079
      },
      "support_mask_roi": {
        "pixels": 62884,
        "fraction_roi": 0.0573653919308594,
        "components": 44,
        "largest_component_pixels": 53079
      },
      "vascular_bed": {
        "pixels": 717802,
        "fraction_roi": 0.6548087440168363,
        "components": 14,
        "largest_component_pixels": 671851
      },
      "support_enabled": false,
      "support_used_for_compensation": true,
      "clutter_pruning_enabled": true,
      "used_for_registration_exclusion": true
    },
    "roi_roles": {
      "analysis_roi": {
        "pixels": 1096201,
        "fraction_roi": 0.8260098681037809,
        "components": 1,
        "largest_component_pixels": 1096201
      },
      "registration_candidate_roi": {
        "pixels": 293063,
        "fraction_roi": 0.2673442188065875,
        "components": 169,
        "largest_component_pixels": 207526
      },
      "registration_safe_roi": {
        "pixels": 69671,
        "fraction_roi": 0.06355677471558592,
        "components": 490,
        "largest_component_pixels": 26063
      },
      "vessel_detection_region": {
        "pixels": 1116747,
        "fraction_roi": 0.84149169921875,
        "components": 1,
        "largest_component_pixels": 1116747
      },
      "motion_exclusion_mask": {
        "pixels": 62884,
        "fraction_roi": 0.0573653919308594,
        "components": 44,
        "largest_component_pixels": 53079
      },
      "vessel_support_mask": {
        "pixels": 62884,
        "fraction_roi": 0.0573653919308594,
        "components": 44,
        "largest_component_pixels": 53079
      },
      "compensation_vessel_mask": {
        "pixels": 62884,
        "fraction_roi": 0.0573653919308594,
        "components": 44,
        "largest_component_pixels": 53079
      },
      "background_metric_region": {
        "pixels": 1033317,
        "fraction_roi": 0.9426346080691406,
        "components": 1,
        "largest_component_pixels": 1033317
      }
    },
    "global_shift": [
      0.005949601145857741,
      0.006884233342134394
    ],
    "global_response": 1.0,
    "global_preregistration": {
      "method": "phase_correlation",
      "applied": true,
      "response": 1.0,
      "shift": [
        0.005949601145857741,
        0.006884233342134394
      ]
    },
    "effective_search_radius": 8,
    "effective_max_displacement": 6.0,
    "field_reliability": 0.9,
    "global_field_reliability": 0.9,
    "field_stages": {
      "global_shift": {
        "mean": 0.00909892424980814,
        "p50": 0.00909892424980814,
        "p90": 0.00909892424980814,
        "p99": 0.00909892424980814,
        "max": 0.00909892424980814
      },
      "model_field": {
        "mean": 0.5862776774450509,
        "p50": 0.6049189821988147,
        "p90": 0.8586738177795088,
        "p99": 1.0954356823154918,
        "max": 1.8307651509374738
      },
      "soft_roi": {
        "mean": 0.5722230009296863,
        "p50": 0.5932000983228841,
        "p90": 0.8527433996289957,
        "p99": 1.061959092454848,
        "max": 1.8295732660012531
      },
      "confidence_gate": {
        "mean": 0.19878787342238427,
        "p50": 0.0,
        "p90": 0.6633344589186382,
        "p99": 0.9581045362830815,
        "max": 1.6466159394011282
      },
      "global_reliability": {
        "mean": 0.17890908608014583,
        "p50": 0.0,
        "p90": 0.5970010130267743,
        "p99": 0.8622940826547734,
        "max": 1.4819543454610156
      },
      "combined_before_protection": {
        "mean": 0.18436737852603405,
        "p50": 0.00909892424980814,
        "p90": 0.5952206552923756,
        "p99": 0.8611483814175946,
        "max": 1.4852077213866328
      },
      "vessel_protection": {
        "mean": 0.17950379701427213,
        "p50": 0.009098645346482435,
        "p90": 0.5733850080117469,
        "p99": 0.8532800710885542,
        "max": 1.4852077213866328
      },
      "local_improvement_gate": {
        "mean": 0.34665615677548683,
        "p50": 0.0034136374100855516,
        "p90": 1.1392490981449812,
        "p99": 1.701094896169783,
        "max": 2.9407112883455335
      }
    },
    "displacement_field": {
      "mean": 0.34665615677548683,
      "p50": 0.0034136374100855516,
      "p90": 1.1392490981449812,
      "p99": 1.701094896169783,
      "max": 2.9407112883455335
    },
    "displacement_field_vessels": {
      "mean": 0.019547120341538868,
      "p50": 0.003404758983644513,
      "p90": 0.0034489175585492183,
      "p99": 0.7372880864002691,
      "max": 1.111776650902291
    },
    "displacement_field_background": {
      "mean": 0.3665628501204259,
      "p50": 0.003415077591437901,
      "p90": 1.1582337322503933,
      "p99": 1.730134681781255,
      "max": 2.9407112883455335
    },
    "compensation_delta": {
      "mean": 0.6834513325638772,
      "p50": 0.4268711458961989,
      "p90": 1.5163737004033515,
      "p99": 3.9771760067081843,
      "max": 24.476507267543525
    },
    "candidate_control_points": 153,
    "control_points": 71,
    "mean_point_confidence": 0.3897566498002754,
    "match_coverage": {
      "accepted_count": 71,
      "accepted_cells": 8,
      "coverage_grid": 4,
      "coverage_fraction": 0.5
    },
    "safe_mask_coverage_roi": 0.06355677471558592,
    "safe_mask_used_for_global_matching": false,
    "registration_weight_mean_roi": 0.21355559919211456,
    "registration_weight_p50_roi": 0.15782390527726323,
    "registration_weight_p90_roi": 0.41687778813194665,
    "point_region_summary": {
      "bright_or_metal": {
        "total": 10,
        "accepted": 2,
        "rejected": 8
      },
      "stable_background": {
        "total": 84,
        "accepted": 52,
        "rejected": 32
      },
      "vascular_bed": {
        "total": 51,
        "accepted": 16,
        "rejected": 35
      },
      "low_weight": {
        "total": 3,
        "accepted": 0,
        "rejected": 3
      },
      "low_texture": {
        "total": 4,
        "accepted": 1,
        "rejected": 3
      },
      "near_vessel": {
        "total": 1,
        "accepted": 0,
        "rejected": 1
      }
    },
    "accepted_region_motion_weight_mean": 0.9246478873239435,
    "intensity_correction": {
      "method": "local",
      "applied": true,
      "scale_mean": 0.9718488919842144,
      "offset_mean": 1.4778374340855447,
      "support_fraction": 0.7785719883294753
    },
    "background_haze_correction": {
      "method": "weighted_low_frequency_bias",
      "applied": true,
      "support_fraction": 0.900082192955489,
      "bias_abs_mean_roi": 1.772907495535497,
      "correction_weight_mean_roi": 0.1294662978604727
    },